account_id,balance_cents,state,chargeoff_date,last_payment_date,debt_type
ACCT00000000,146251,NY,2025-08-26,,bnpl
ACCT00000001,52682,CA,2025-04-26,2025-02-26,fintech_personal_loan
ACCT00000002,63415,TX,2025-10-26,,credit_card
ACCT00000003,48434,TX,2026-01-26,2025-01-26,credit_card
ACCT00000004,34297,NY,2025-02-26,2025-01-26,credit_card
ACCT00000005,95072,TX,2025-04-26,2024-08-26,fintech_personal_loan
ACCT00000006,35954,WA,2025-07-26,2025-04-26,unknown
ACCT00000007,144085,NY,2025-05-26,2024-11-26,bnpl
ACCT00000008,27306,TX,2025-07-26,,bnpl
ACCT00000009,99693,NY,,2025-01-26,credit_card
ACCT00000010,48036,NY,2025-02-26,2025-01-26,bnpl
ACCT00000011,95690,TX,2025-07-26,2025-02-26,fintech_personal_loan
ACCT00000012,41944,TX,2025-07-26,2025-02-26,credit_card
ACCT00000013,61891,TX,2026-02-26,2025-06-26,bnpl
ACCT00000014,100140,NY,2025-11-26,2025-05-26,fintech_personal_loan
ACCT00000015,64802,TX,2025-04-26,2025-01-26,credit_card
ACCT00000016,88049,TX,2025-12-26,,fintech_personal_loan
ACCT00000017,124542,NY,2026-02-26,2025-07-26,fintech_personal_loan
ACCT00000018,90674,TX,2026-02-26,2025-05-26,fintech_personal_loan
ACCT00000019,109758,NY,2025-10-26,2025-05-26,credit_card
ACCT00000020,58646,NY,2025-12-26,2025-05-26,bnpl
ACCT00000021,56417,FL,2025-08-26,2024-12-26,fintech_personal_loan
ACCT00000022,57799,TX,2026-02-26,2025-08-26,credit_card
ACCT00000023,30321,NY,2025-05-26,,fintech_personal_loan
ACCT00000024,45545,CA,2025-04-26,2025-01-26,bnpl
ACCT00000025,23595,TX,2026-01-26,2025-06-26,fintech_personal_loan
ACCT00000026,71795,IL,2025-08-26,2024-12-26,fintech_personal_loan
ACCT00000027,20037,NY,2025-11-26,,fintech_personal_loan
ACCT00000028,41983,TX,2025-12-26,,credit_card
ACCT00000029,47781,TX,2025-12-26,2025-08-26,bnpl
ACCT00000030,74792,TX,2025-03-26,2025-01-26,fintech_personal_loan
ACCT00000031,137614,NY,2026-01-26,2024-08-26,bnpl
ACCT00000032,59980,NY,2026-02-26,2025-07-26,credit_card
ACCT00000033,94305,CA,2025-02-26,2024-11-26,credit_card
ACCT00000034,41171,NY,2025-07-26,2025-05-26,credit_card
ACCT00000035,64010,NY,2025-07-26,2025-02-26,fintech_personal_loan
ACCT00000036,53467,NY,2025-03-26,,credit_card
ACCT00000037,139300,TX,2025-07-26,2025-02-26,fintech_personal_loan
ACCT00000038,65949,NY,2025-02-26,2024-12-26,fintech_personal_loan
ACCT00000039,125686,NY,2025-12-26,2025-06-26,fintech_personal_loan
ACCT00000040,122039,NY,2025-03-26,2025-01-26,fintech_personal_loan
ACCT00000041,34011,NY,2026-01-26,2025-08-26,fintech_personal_loan
ACCT00000042,88665,TX,2025-12-26,2025-01-26,unknown
ACCT00000043,20737,NY,2025-08-26,2025-07-26,unknown
ACCT00000044,57784,NY,2025-08-26,2025-06-26,credit_card
ACCT00000045,52686,TX,2025-04-26,2024-09-26,credit_card
ACCT00000046,149452,TX,2026-01-26,2024-08-26,fintech_personal_loan
ACCT00000047,20000,TX,2025-11-26,2024-09-26,fintech_personal_loan
ACCT00000048,114179,GA,2025-02-26,2024-11-26,credit_card
ACCT00000049,25600,TX,2025-04-26,2025-03-26,bnpl
ACCT00000050,80815,NY,2026-01-26,2025-06-26,fintech_personal_loan
ACCT00000051,56272,NY,2026-02-26,2024-08-26,fintech_personal_loan
ACCT00000052,150000,NY,2025-08-26,2024-09-26,fintech_personal_loan
ACCT00000053,113574,TX,2025-10-26,2024-09-26,fintech_personal_loan
ACCT00000054,77276,TX,2025-08-26,2025-07-26,credit_card
ACCT00000055,86808,NY,2025-02-26,2024-12-26,fintech_personal_loan
ACCT00000056,80533,NY,2025-02-26,2025-01-26,credit_card
ACCT00000057,39977,TX,2025-07-26,2025-06-26,credit_card
ACCT00000058,43138,NY,2025-04-26,,unknown
ACCT00000059,84357,TX,2025-06-26,2025-05-26,credit_card
ACCT00000060,87872,NY,2025-10-26,,fintech_personal_loan
ACCT00000061,56000,NY,2025-05-26,2024-10-26,fintech_personal_loan
ACCT00000062,26846,TX,2026-01-26,2025-01-26,unknown
ACCT00000063,75226,TX,2025-09-26,2024-10-26,fintech_personal_loan
ACCT00000064,24125,NY,2025-04-26,2025-02-26,fintech_personal_loan
ACCT00000065,25065,NY,2026-01-26,2024-11-26,bnpl
ACCT00000066,35216,NY,2025-09-26,2025-07-26,credit_card
ACCT00000067,90295,NY,2025-08-26,2025-07-26,fintech_personal_loan
ACCT00000068,91515,NY,2025-07-26,,unknown
ACCT00000069,94481,NY,2025-07-26,2025-04-26,unknown
ACCT00000070,71860,NY,2025-06-26,2024-08-26,fintech_personal_loan
ACCT00000071,32821,OH,2025-03-26,,credit_card
ACCT00000072,53654,NY,2026-02-26,2025-07-26,fintech_personal_loan
ACCT00000073,27709,TX,2025-02-26,2024-11-26,credit_card
ACCT00000074,51482,TX,2025-03-26,2025-01-26,credit_card
ACCT00000075,39885,NY,2026-02-26,2024-11-26,fintech_personal_loan
ACCT00000076,41740,NY,2025-07-26,2025-01-26,credit_card
ACCT00000077,43756,VA,2026-01-26,2024-08-26,fintech_personal_loan
ACCT00000078,57735,NY,2025-11-26,2024-08-26,fintech_personal_loan
ACCT00000079,47211,IL,2025-05-26,2024-12-26,credit_card
ACCT00000080,56851,CA,2025-02-26,2024-12-26,fintech_personal_loan
ACCT00000081,83686,TX,2026-02-26,2025-03-26,credit_card
ACCT00000082,87679,NY,2025-09-26,2024-11-26,credit_card
ACCT00000083,42525,IL,2025-12-26,2025-05-26,bnpl
ACCT00000084,39882,NY,2025-12-26,2025-01-26,credit_card
ACCT00000085,35813,GA,2026-02-26,2025-04-26,credit_card
ACCT00000086,53890,MI,2025-06-26,2025-03-26,fintech_personal_loan
ACCT00000087,66013,TX,2025-10-26,2024-10-26,fintech_personal_loan
ACCT00000088,37732,TX,2025-10-26,2025-02-26,fintech_personal_loan
ACCT00000089,62850,NY,2025-10-26,2025-06-26,credit_card
ACCT00000090,56424,FL,2025-12-26,2024-11-26,unknown
ACCT00000091,92463,TX,2025-08-26,2024-10-26,credit_card
ACCT00000092,50970,NY,2025-09-26,2025-02-26,fintech_personal_loan
ACCT00000093,28128,NY,2025-11-26,,fintech_personal_loan
ACCT00000094,61081,NY,2026-01-26,2024-09-26,fintech_personal_loan
ACCT00000095,119934,TX,2025-08-26,2025-07-26,fintech_personal_loan
ACCT00000096,60456,TX,2025-09-26,2024-12-26,fintech_personal_loan
ACCT00000097,58029,NY,2025-03-26,2025-01-26,credit_card
ACCT00000098,20000,FL,2025-04-26,,credit_card
ACCT00000099,72849,NY,2025-03-26,2025-01-26,credit_card
ACCT00000100,89467,NC,2026-02-26,2025-08-26,fintech_personal_loan
ACCT00000101,44286,NY,2025-12-26,,credit_card
ACCT00000102,29460,TX,2025-12-26,2024-09-26,fintech_personal_loan
ACCT00000103,45417,TX,2025-03-26,2025-02-26,bnpl
ACCT00000104,30297,NY,2025-07-26,2025-06-26,bnpl
ACCT00000105,51354,TX,2026-01-26,2024-12-26,credit_card
ACCT00000106,27070,TX,2025-11-26,2025-05-26,bnpl
ACCT00000107,20000,NY,2025-10-26,2025-01-26,unknown
ACCT00000108,127626,NC,2025-06-26,2024-12-26,unknown
ACCT00000109,150000,TX,2025-10-26,2025-07-26,fintech_personal_loan
ACCT00000110,23901,TX,2025-08-26,2025-06-26,fintech_personal_loan
ACCT00000111,35855,TX,2026-02-26,2024-09-26,credit_card
ACCT00000112,43381,PA,2025-08-26,2025-04-26,fintech_personal_loan
ACCT00000113,150000,NY,2026-02-26,2025-02-26,fintech_personal_loan
ACCT00000114,69804,NY,2026-01-26,2024-12-26,credit_card
ACCT00000115,42907,NY,2025-08-26,2025-06-26,fintech_personal_loan
ACCT00000116,95335,TX,2025-10-26,2025-06-26,bnpl
ACCT00000117,124431,NY,2025-05-26,2025-03-26,fintech_personal_loan
ACCT00000118,27803,TX,2025-04-26,2025-03-26,fintech_personal_loan
ACCT00000119,144083,GA,2025-11-26,2025-03-26,fintech_personal_loan
ACCT00000120,44822,TX,2026-01-26,2025-05-26,credit_card
ACCT00000121,60724,NY,2026-01-26,2025-01-26,unknown
ACCT00000122,45282,NY,2025-09-26,2024-10-26,credit_card
ACCT00000123,115564,TX,2025-09-26,2025-07-26,credit_card
ACCT00000124,47988,NY,2025-02-26,2024-08-26,fintech_personal_loan
ACCT00000125,84632,OH,2025-05-26,2025-02-26,fintech_personal_loan
ACCT00000126,83871,TX,2025-07-26,2024-12-26,fintech_personal_loan
ACCT00000127,33136,NY,2025-12-26,2024-11-26,fintech_personal_loan
ACCT00000128,72571,TX,2025-03-26,,bnpl
ACCT00000129,76464,NC,2026-02-26,2025-06-26,fintech_personal_loan
ACCT00000130,62927,TX,2025-07-26,2024-09-26,fintech_personal_loan
ACCT00000131,22743,NY,2025-09-26,2024-08-26,credit_card
ACCT00000132,56423,VA,,,unknown
ACCT00000133,34051,TX,2025-02-26,2025-01-26,fintech_personal_loan
ACCT00000134,49163,NY,2025-10-26,,fintech_personal_loan
ACCT00000135,49892,NY,2025-10-26,2025-03-26,unknown
ACCT00000136,32890,NY,2025-11-26,2024-10-26,fintech_personal_loan
ACCT00000137,52122,NY,2025-09-26,2025-01-26,credit_card
ACCT00000138,150000,NC,2025-03-26,2024-12-26,unknown
ACCT00000139,87779,NY,2025-02-26,2024-11-26,unknown
ACCT00000140,56814,NY,2025-11-26,2025-06-26,fintech_personal_loan
ACCT00000141,77911,TX,2025-05-26,2024-12-26,credit_card
ACCT00000142,33324,VA,2025-02-26,2025-01-26,fintech_personal_loan
ACCT00000143,86580,TX,2026-02-26,2024-08-26,fintech_personal_loan
ACCT00000144,148407,GA,2025-12-26,2025-05-26,credit_card
ACCT00000145,22328,VA,2025-09-26,2025-08-26,fintech_personal_loan
ACCT00000146,76871,TX,2026-02-26,2025-02-26,credit_card
ACCT00000147,150000,NY,2025-08-26,2025-03-26,credit_card
ACCT00000148,66611,TX,2025-05-26,2025-02-26,credit_card
ACCT00000149,28443,TX,2025-08-26,2024-11-26,fintech_personal_loan
ACCT00000150,34464,TX,2025-03-26,2025-02-26,fintech_personal_loan
ACCT00000151,55657,NY,2025-11-26,,fintech_personal_loan
ACCT00000152,53220,OH,,2025-05-26,unknown
ACCT00000153,26433,TX,2025-02-26,2024-12-26,fintech_personal_loan
ACCT00000154,120562,NY,2025-03-26,2025-02-26,fintech_personal_loan
ACCT00000155,48181,TX,2025-10-26,2025-04-26,fintech_personal_loan
ACCT00000156,59581,PA,2025-02-26,2025-01-26,fintech_personal_loan
ACCT00000157,55983,TX,2025-09-26,2025-04-26,unknown
ACCT00000158,83176,TX,2025-11-26,2025-01-26,fintech_personal_loan
ACCT00000159,40362,MI,2026-01-26,2025-06-26,fintech_personal_loan
ACCT00000160,25426,NY,2026-02-26,,unknown
ACCT00000161,43457,GA,2026-01-26,,credit_card
ACCT00000162,24155,TX,2025-08-26,2025-04-26,bnpl
ACCT00000163,62965,NY,2025-03-26,2025-02-26,fintech_personal_loan
ACCT00000164,104834,NY,2026-02-26,2025-07-26,credit_card
ACCT00000165,26658,TX,2025-11-26,,fintech_personal_loan
ACCT00000166,46803,MI,2025-10-26,2024-10-26,fintech_personal_loan
ACCT00000167,75012,TX,2025-06-26,2025-01-26,credit_card
ACCT00000168,108024,NY,2025-09-26,2024-12-26,credit_card
ACCT00000169,67817,TX,2025-04-26,2025-01-26,credit_card
ACCT00000170,59226,TX,2025-06-26,2025-05-26,credit_card
ACCT00000171,47430,NY,2025-09-26,2025-03-26,unknown
ACCT00000172,82799,TX,2025-11-26,2024-08-26,bnpl
ACCT00000173,56018,NY,2026-02-26,2025-05-26,credit_card
ACCT00000174,20000,MI,2025-08-26,2025-02-26,bnpl
ACCT00000175,57818,TX,2026-01-26,2025-07-26,fintech_personal_loan
ACCT00000176,49099,NY,2025-02-26,2024-12-26,credit_card
ACCT00000177,42367,TX,2025-08-26,2025-06-26,fintech_personal_loan
ACCT00000178,22995,TX,2025-09-26,,fintech_personal_loan
ACCT00000179,76341,TX,2026-02-26,2025-04-26,bnpl
ACCT00000180,114582,TX,2025-08-26,2025-07-26,bnpl
ACCT00000181,31487,TX,2025-09-26,2025-08-26,credit_card
ACCT00000182,29719,NY,2025-07-26,2025-04-26,fintech_personal_loan
ACCT00000183,28124,GA,2025-05-26,2024-08-26,bnpl
ACCT00000184,34501,TX,2025-11-26,2024-09-26,fintech_personal_loan
ACCT00000185,89981,GA,2026-01-26,2025-05-26,credit_card
ACCT00000186,57134,GA,2026-01-26,2025-04-26,unknown
ACCT00000187,94317,NY,2025-02-26,2024-11-26,fintech_personal_loan
ACCT00000188,38962,TX,2025-10-26,2025-07-26,fintech_personal_loan
ACCT00000189,66108,NY,2025-09-26,2024-08-26,credit_card
ACCT00000190,20000,NY,2025-09-26,,credit_card
ACCT00000191,63684,TX,2025-07-26,2025-02-26,credit_card
ACCT00000192,30482,NY,2026-01-26,2025-01-26,fintech_personal_loan
ACCT00000193,59378,MI,2025-04-26,2024-08-26,credit_card
ACCT00000194,107451,NY,2025-03-26,2024-12-26,fintech_personal_loan
ACCT00000195,26072,FL,2026-02-26,2024-12-26,bnpl
ACCT00000196,150000,NY,2025-04-26,2025-01-26,fintech_personal_loan
ACCT00000197,63893,IL,2025-02-26,2024-09-26,credit_card
ACCT00000198,30252,NY,2025-06-26,,credit_card
ACCT00000199,62341,NY,2025-02-26,2025-01-26,unknown
ACCT00000200,28924,TX,2025-02-26,2024-12-26,credit_card
ACCT00000201,46339,TX,2025-09-26,2024-12-26,bnpl
ACCT00000202,149992,MI,2025-12-26,2025-01-26,bnpl
ACCT00000203,42345,TX,2025-08-26,2024-08-26,credit_card
ACCT00000204,136134,CA,,2025-04-26,fintech_personal_loan
ACCT00000205,118685,NY,2025-03-26,2024-10-26,credit_card
ACCT00000206,86129,FL,2025-04-26,,bnpl
ACCT00000207,52991,TX,2025-08-26,2024-11-26,fintech_personal_loan
ACCT00000208,37685,TX,2026-02-26,2025-06-26,bnpl
ACCT00000209,47700,NY,2025-11-26,,credit_card
ACCT00000210,42311,TX,2025-05-26,2024-10-26,credit_card
ACCT00000211,38521,TX,2025-03-26,,fintech_personal_loan
ACCT00000212,120270,GA,2025-02-26,2024-08-26,fintech_personal_loan
ACCT00000213,49127,TX,2026-02-26,2024-09-26,unknown
ACCT00000214,98317,NY,2025-09-26,2025-02-26,bnpl
ACCT00000215,64081,NC,2025-04-26,2025-02-26,credit_card
ACCT00000216,79899,NY,2025-11-26,2025-07-26,unknown
ACCT00000217,39158,NY,2025-02-26,2024-11-26,fintech_personal_loan
ACCT00000218,100483,TX,2025-06-26,2024-08-26,unknown
ACCT00000219,38060,NY,2025-12-26,2025-06-26,unknown
ACCT00000220,132243,TX,2025-12-26,2025-03-26,fintech_personal_loan
ACCT00000221,150000,TX,2025-10-26,2025-08-26,fintech_personal_loan
ACCT00000222,32647,TX,2025-02-26,2024-10-26,bnpl
ACCT00000223,50425,NY,2025-06-26,2025-04-26,credit_card
ACCT00000224,42241,NY,2025-03-26,2024-08-26,bnpl
ACCT00000225,31608,TX,2025-11-26,,credit_card
ACCT00000226,73265,NY,2025-12-26,2025-07-26,fintech_personal_loan
ACCT00000227,65360,NY,2025-09-26,2025-08-26,fintech_personal_loan
ACCT00000228,43491,TX,2026-02-26,2024-08-26,bnpl
ACCT00000229,32164,FL,2025-09-26,2025-08-26,credit_card
ACCT00000230,67046,GA,2025-02-26,2024-09-26,fintech_personal_loan
ACCT00000231,60798,NY,2026-01-26,,fintech_personal_loan
ACCT00000232,57215,TX,2026-01-26,2024-11-26,unknown
ACCT00000233,108439,IL,2025-11-26,2024-11-26,bnpl
ACCT00000234,38152,NY,2025-12-26,2025-07-26,fintech_personal_loan
ACCT00000235,105570,TX,2026-02-26,2024-12-26,unknown
ACCT00000236,112890,TX,2025-03-26,2025-02-26,fintech_personal_loan
ACCT00000237,34229,TX,2025-09-26,2025-05-26,credit_card
ACCT00000238,150000,NY,2025-11-26,2025-07-26,fintech_personal_loan
ACCT00000239,36911,NY,2025-07-26,2025-06-26,credit_card
ACCT00000240,39284,NY,2025-03-26,2024-12-26,bnpl
ACCT00000241,72338,TX,2025-12-26,,credit_card
ACCT00000242,20000,TX,2025-07-26,2024-09-26,bnpl
ACCT00000243,51973,TX,2025-07-26,2024-12-26,credit_card
ACCT00000244,39280,NY,2025-07-26,2025-06-26,fintech_personal_loan
ACCT00000245,126730,TX,2025-03-26,2024-11-26,bnpl
ACCT00000246,33395,TX,2026-01-26,2024-10-26,fintech_personal_loan
ACCT00000247,38772,NY,2025-06-26,2024-08-26,fintech_personal_loan
ACCT00000248,27849,TX,2026-01-26,2025-03-26,fintech_personal_loan
ACCT00000249,150000,NY,2025-04-26,2024-11-26,credit_card
ACCT00000250,21507,PA,2025-07-26,,bnpl
ACCT00000251,61134,CA,2026-01-26,,fintech_personal_loan
ACCT00000252,61696,NY,2025-11-26,2025-01-26,credit_card
ACCT00000253,109105,NY,2025-05-26,,bnpl
ACCT00000254,31120,NY,2025-06-26,2024-09-26,credit_card
ACCT00000255,63244,NY,2026-01-26,2025-01-26,unknown
ACCT00000256,59376,TX,2026-01-26,2024-08-26,fintech_personal_loan
ACCT00000257,43764,TX,2025-02-26,2025-01-26,fintech_personal_loan
ACCT00000258,22222,TX,2025-03-26,2024-12-26,fintech_personal_loan
ACCT00000259,57688,TX,,,bnpl
ACCT00000260,20000,NY,2025-05-26,,fintech_personal_loan
ACCT00000261,81164,NY,2025-02-26,2024-12-26,fintech_personal_loan
ACCT00000262,58260,NY,2025-05-26,2025-04-26,fintech_personal_loan
ACCT00000263,40908,TX,2026-02-26,2025-04-26,fintech_personal_loan
ACCT00000264,91337,TX,2025-11-26,2025-07-26,fintech_personal_loan
ACCT00000265,78795,NY,2025-07-26,2025-04-26,fintech_personal_loan
ACCT00000266,40235,TX,2025-10-26,2024-10-26,credit_card
ACCT00000267,33582,NY,2025-11-26,2025-08-26,fintech_personal_loan
ACCT00000268,32958,PA,2025-07-26,2024-09-26,fintech_personal_loan
ACCT00000269,135415,TX,2025-11-26,2025-01-26,credit_card
ACCT00000270,20000,NY,2025-06-26,2024-11-26,bnpl
ACCT00000271,131854,TX,2025-12-26,,fintech_personal_loan
ACCT00000272,62612,TX,2025-03-26,2024-12-26,bnpl
ACCT00000273,59074,TX,2026-01-26,2024-10-26,credit_card
ACCT00000274,74359,NY,,,credit_card
ACCT00000275,94854,TX,2025-08-26,,bnpl
ACCT00000276,27308,WA,2025-03-26,,bnpl
ACCT00000277,74140,NC,2026-01-26,2024-10-26,credit_card
ACCT00000278,150000,TX,2025-12-26,2025-03-26,fintech_personal_loan
ACCT00000279,21568,TX,2025-03-26,2025-01-26,fintech_personal_loan
ACCT00000280,61282,TX,2025-03-26,2024-09-26,fintech_personal_loan
ACCT00000281,27913,TX,2025-08-26,2025-07-26,unknown
ACCT00000282,63396,TX,2025-04-26,2024-09-26,fintech_personal_loan
ACCT00000283,74793,NY,2025-03-26,2025-01-26,fintech_personal_loan
ACCT00000284,48810,NY,2025-04-26,2025-02-26,bnpl
ACCT00000285,26297,CA,2025-10-26,2024-08-26,fintech_personal_loan
ACCT00000286,61957,NY,2025-02-26,2025-01-26,bnpl
ACCT00000287,88311,PA,2025-07-26,2025-03-26,credit_card
ACCT00000288,150000,NY,2025-10-26,2025-02-26,fintech_personal_loan
ACCT00000289,93380,NY,2025-10-26,2025-04-26,fintech_personal_loan
ACCT00000290,150000,NY,2026-01-26,2025-08-26,bnpl
ACCT00000291,50270,TX,2025-10-26,2025-08-26,credit_card
ACCT00000292,59304,TX,2025-09-26,2024-11-26,unknown
ACCT00000293,24210,FL,2025-06-26,2024-08-26,fintech_personal_loan
ACCT00000294,56450,NY,2026-01-26,,fintech_personal_loan
ACCT00000295,40148,TX,2025-08-26,2024-10-26,fintech_personal_loan
ACCT00000296,90429,NY,2025-08-26,2025-04-26,credit_card
ACCT00000297,20000,NY,2025-05-26,2024-08-26,fintech_personal_loan
ACCT00000298,114255,IL,2025-10-26,2025-07-26,unknown
ACCT00000299,80212,GA,2025-05-26,2025-03-26,credit_card
ACCT00000300,43797,MI,2025-02-26,2025-01-26,fintech_personal_loan
ACCT00000301,46677,NY,2025-10-26,2025-04-26,credit_card
ACCT00000302,104855,TX,2025-10-26,2025-02-26,fintech_personal_loan
ACCT00000303,31471,TX,2025-08-26,2025-01-26,credit_card
ACCT00000304,50475,NY,2025-07-26,2025-06-26,unknown
ACCT00000305,140240,NY,2025-02-26,2024-12-26,fintech_personal_loan
ACCT00000306,46063,TX,2025-02-26,2024-09-26,fintech_personal_loan
ACCT00000307,50427,TX,2025-11-26,2025-07-26,unknown
ACCT00000308,35818,NY,2025-06-26,2025-05-26,bnpl
ACCT00000309,110193,NY,2025-11-26,2024-08-26,fintech_personal_loan
ACCT00000310,58266,TX,2025-06-26,2024-12-26,fintech_personal_loan
ACCT00000311,125825,MI,2025-04-26,2025-03-26,fintech_personal_loan
ACCT00000312,36500,NY,2025-12-26,,bnpl
ACCT00000313,128363,IL,2025-05-26,2025-02-26,credit_card
ACCT00000314,45414,TX,2026-01-26,2025-06-26,bnpl
ACCT00000315,47206,IL,2025-02-26,,fintech_personal_loan
ACCT00000316,110323,NY,2026-02-26,2024-11-26,bnpl
ACCT00000317,123099,TX,2025-12-26,2025-02-26,unknown
ACCT00000318,44892,NY,2025-06-26,2025-05-26,unknown
ACCT00000319,72070,NY,2025-08-26,2025-03-26,bnpl
ACCT00000320,21630,WA,2025-04-26,2024-08-26,fintech_personal_loan
ACCT00000321,48266,TX,2026-02-26,2025-08-26,fintech_personal_loan
ACCT00000322,22509,NY,2025-09-26,2024-11-26,unknown
ACCT00000323,35436,NY,2025-08-26,,fintech_personal_loan
ACCT00000324,63004,TX,2025-09-26,2025-01-26,fintech_personal_loan
ACCT00000325,150000,NY,2025-03-26,2024-08-26,credit_card
ACCT00000326,59927,NY,2025-06-26,,credit_card
ACCT00000327,51734,TX,2025-07-26,2024-10-26,credit_card
ACCT00000328,133180,NY,2025-02-26,2024-09-26,fintech_personal_loan
ACCT00000329,90160,NY,2025-06-26,,fintech_personal_loan
ACCT00000330,87807,IL,2025-12-26,2025-06-26,unknown
ACCT00000331,28703,TX,2025-04-26,,fintech_personal_loan
ACCT00000332,117497,CA,2025-08-26,2024-08-26,fintech_personal_loan
ACCT00000333,73471,OH,2025-05-26,2025-03-26,fintech_personal_loan
ACCT00000334,36926,TX,2025-02-26,2024-11-26,fintech_personal_loan
ACCT00000335,38014,FL,2025-08-26,2024-08-26,credit_card
ACCT00000336,49841,MI,2025-11-26,2024-08-26,bnpl
ACCT00000337,106427,NY,2025-03-26,2025-02-26,fintech_personal_loan
ACCT00000338,69212,TX,2025-07-26,2025-01-26,fintech_personal_loan
ACCT00000339,26119,VA,2025-09-26,2025-04-26,fintech_personal_loan
ACCT00000340,35532,NY,2025-02-26,2024-12-26,fintech_personal_loan
ACCT00000341,26735,NY,2025-07-26,2024-08-26,bnpl
ACCT00000342,32869,TX,2025-06-26,2024-12-26,credit_card
ACCT00000343,54194,TX,2025-07-26,2024-10-26,fintech_personal_loan
ACCT00000344,47303,NY,2025-10-26,2025-05-26,credit_card
ACCT00000345,32971,TX,2025-02-26,2024-09-26,fintech_personal_loan
ACCT00000346,102951,NY,2025-11-26,,fintech_personal_loan
ACCT00000347,79768,TX,2026-02-26,2024-10-26,unknown
ACCT00000348,49496,TX,2025-05-26,,credit_card
ACCT00000349,20000,TX,2025-10-26,2025-08-26,fintech_personal_loan
ACCT00000350,39586,NY,2026-02-26,2025-02-26,credit_card
ACCT00000351,106963,PA,2025-06-26,2024-11-26,fintech_personal_loan
ACCT00000352,87553,TX,2026-01-26,2024-11-26,fintech_personal_loan
ACCT00000353,150000,NY,2026-01-26,2025-06-26,credit_card
ACCT00000354,147541,NY,2025-08-26,,fintech_personal_loan
ACCT00000355,54217,TX,2025-12-26,,bnpl
ACCT00000356,20000,NY,2025-10-26,2024-09-26,bnpl
ACCT00000357,56105,NY,2025-12-26,,fintech_personal_loan
ACCT00000358,133317,NY,2025-04-26,2024-08-26,bnpl
ACCT00000359,37315,TX,2025-08-26,2025-02-26,credit_card
ACCT00000360,76467,NY,2025-08-26,2024-12-26,bnpl
ACCT00000361,47066,VA,2025-06-26,2025-05-26,fintech_personal_loan
ACCT00000362,20000,NY,2025-08-26,2025-03-26,fintech_personal_loan
ACCT00000363,51021,TX,2025-07-26,2024-11-26,credit_card
ACCT00000364,90553,TX,2026-01-26,,fintech_personal_loan
ACCT00000365,46720,TX,2025-05-26,2025-01-26,credit_card
ACCT00000366,55678,VA,2025-07-26,2024-09-26,credit_card
ACCT00000367,24060,TX,2025-09-26,2025-04-26,unknown
ACCT00000368,38135,MI,2025-11-26,2025-04-26,fintech_personal_loan
ACCT00000369,20000,NY,2025-07-26,2025-02-26,fintech_personal_loan
ACCT00000370,74554,NY,2026-01-26,2025-05-26,bnpl
ACCT00000371,20000,NC,2025-03-26,,fintech_personal_loan
ACCT00000372,62855,TX,2025-11-26,2025-06-26,fintech_personal_loan
ACCT00000373,75335,TX,2025-08-26,2025-03-26,fintech_personal_loan
ACCT00000374,71980,NY,2025-05-26,2025-04-26,credit_card
ACCT00000375,48451,TX,2025-05-26,2024-11-26,bnpl
ACCT00000376,68559,TX,2025-06-26,2024-10-26,fintech_personal_loan
ACCT00000377,50710,TX,2025-11-26,2024-10-26,bnpl
ACCT00000378,46610,NY,2025-06-26,2025-03-26,fintech_personal_loan
ACCT00000379,72988,NY,2025-09-26,2025-07-26,fintech_personal_loan
ACCT00000380,94872,NY,2025-12-26,,unknown
ACCT00000381,96335,TX,2025-10-26,2025-08-26,credit_card
ACCT00000382,69238,TX,2025-03-26,2024-09-26,bnpl
ACCT00000383,133076,NY,2025-02-26,2024-12-26,fintech_personal_loan
ACCT00000384,129305,TX,2025-07-26,2025-05-26,bnpl
ACCT00000385,84918,NY,2025-04-26,2024-09-26,fintech_personal_loan
ACCT00000386,62762,TX,2025-12-26,2025-06-26,unknown
ACCT00000387,30461,TX,2025-08-26,2024-08-26,fintech_personal_loan
ACCT00000388,42871,TX,2025-08-26,2025-02-26,credit_card
ACCT00000389,73648,NY,2025-08-26,2024-09-26,fintech_personal_loan
ACCT00000390,21849,WA,2025-06-26,2025-05-26,fintech_personal_loan
ACCT00000391,36704,NY,2025-05-26,2024-09-26,bnpl
ACCT00000392,150000,WA,2025-02-26,2024-10-26,fintech_personal_loan
ACCT00000393,20000,NY,2025-06-26,2024-08-26,fintech_personal_loan
ACCT00000394,74335,NY,2025-12-26,2025-03-26,credit_card
ACCT00000395,150000,OH,2025-11-26,2025-01-26,unknown
ACCT00000396,74640,NY,2025-07-26,2024-08-26,credit_card
ACCT00000397,117558,TX,2025-02-26,2024-08-26,fintech_personal_loan
ACCT00000398,43969,TX,2025-09-26,2024-11-26,credit_card
ACCT00000399,24550,NY,2025-02-26,2024-12-26,fintech_personal_loan
ACCT00000400,51256,TX,2025-08-26,2025-05-26,unknown
ACCT00000401,107455,FL,2025-05-26,2025-03-26,bnpl
ACCT00000402,70483,TX,2025-11-26,2025-07-26,fintech_personal_loan
ACCT00000403,69021,CA,2025-04-26,2025-01-26,fintech_personal_loan
ACCT00000404,38267,NY,2026-02-26,2025-05-26,fintech_personal_loan
ACCT00000405,84907,NY,2025-09-26,2025-06-26,credit_card
ACCT00000406,150000,NY,2025-04-26,2024-09-26,bnpl
ACCT00000407,40022,WA,2025-08-26,2025-02-26,fintech_personal_loan
ACCT00000408,70500,TX,2025-04-26,,credit_card
ACCT00000409,41357,NY,2025-05-26,2024-12-26,credit_card
ACCT00000410,29827,TX,2025-10-26,2025-08-26,fintech_personal_loan
ACCT00000411,150000,NY,2026-01-26,2025-04-26,bnpl
ACCT00000412,80084,TX,2025-07-26,2025-06-26,bnpl
ACCT00000413,90681,CA,2025-11-26,,fintech_personal_loan
ACCT00000414,39506,NY,2025-11-26,2025-05-26,credit_card
ACCT00000415,54114,NY,2026-01-26,2024-11-26,unknown
ACCT00000416,75140,WA,2025-03-26,2025-02-26,bnpl
ACCT00000417,33379,NY,2025-07-26,2024-11-26,credit_card
ACCT00000418,130290,TX,2025-04-26,2024-08-26,fintech_personal_loan
ACCT00000419,50602,TX,2026-01-26,2024-11-26,fintech_personal_loan
ACCT00000420,42976,TX,2025-05-26,2025-03-26,fintech_personal_loan
ACCT00000421,53318,NY,2025-02-26,2024-12-26,unknown
ACCT00000422,65206,NY,2025-10-26,2025-03-26,fintech_personal_loan
ACCT00000423,81910,NY,2026-02-26,2024-12-26,credit_card
ACCT00000424,150000,NY,2025-10-26,2024-11-26,credit_card
ACCT00000425,48582,TX,,2025-04-26,credit_card
ACCT00000426,79910,NY,2025-06-26,2025-05-26,fintech_personal_loan
ACCT00000427,43721,NY,2025-11-26,,bnpl
ACCT00000428,36603,TX,2026-02-26,2025-06-26,fintech_personal_loan
ACCT00000429,120632,WA,2025-10-26,2025-01-26,unknown
ACCT00000430,63544,TX,2025-06-26,2024-11-26,unknown
ACCT00000431,135116,TX,2025-04-26,2025-02-26,bnpl
ACCT00000432,20000,WA,2025-09-26,2024-12-26,credit_card
ACCT00000433,59147,TX,2025-04-26,2024-09-26,bnpl
ACCT00000434,39978,TX,2025-06-26,2024-08-26,credit_card
ACCT00000435,77173,TX,2025-10-26,2024-10-26,fintech_personal_loan
ACCT00000436,48221,NY,2025-03-26,,fintech_personal_loan
ACCT00000437,42026,NY,2025-11-26,2025-04-26,fintech_personal_loan
ACCT00000438,20000,NY,2026-02-26,2025-04-26,fintech_personal_loan
ACCT00000439,48792,TX,2025-12-26,2024-09-26,credit_card
ACCT00000440,47839,TX,2026-02-26,2025-06-26,fintech_personal_loan
ACCT00000441,69349,TX,2026-02-26,2025-02-26,fintech_personal_loan
ACCT00000442,29453,TX,2025-12-26,2024-11-26,fintech_personal_loan
ACCT00000443,71205,TX,2025-07-26,2025-01-26,fintech_personal_loan
ACCT00000444,52846,NY,2025-06-26,2025-04-26,credit_card
ACCT00000445,150000,NY,2025-04-26,2025-02-26,bnpl
ACCT00000446,34696,OH,2026-02-26,,fintech_personal_loan
ACCT00000447,81328,NY,2025-09-26,2025-06-26,unknown
ACCT00000448,45867,NY,2025-07-26,2024-10-26,bnpl
ACCT00000449,45219,VA,2025-06-26,2025-04-26,fintech_personal_loan
ACCT00000450,58261,NY,2025-03-26,2025-02-26,fintech_personal_loan
ACCT00000451,37710,TX,2025-05-26,2025-03-26,credit_card
ACCT00000452,89458,NY,2025-05-26,2025-01-26,credit_card
ACCT00000453,68957,NY,2025-07-26,2025-04-26,unknown
ACCT00000454,20000,NY,2025-02-26,2025-01-26,fintech_personal_loan
ACCT00000455,68404,NY,2025-09-26,2024-11-26,credit_card
ACCT00000456,58728,NY,2025-05-26,2025-02-26,bnpl
ACCT00000457,20000,PA,2025-04-26,,credit_card
ACCT00000458,76669,TX,2025-08-26,2024-11-26,bnpl
ACCT00000459,36204,NY,2025-12-26,2025-02-26,bnpl
ACCT00000460,80877,NY,2026-01-26,2024-10-26,fintech_personal_loan
ACCT00000461,49761,NY,2025-07-26,2025-04-26,fintech_personal_loan
ACCT00000462,57764,TX,2025-05-26,2024-11-26,unknown
ACCT00000463,150000,NC,2025-12-26,,fintech_personal_loan
ACCT00000464,45576,NY,2025-05-26,2024-11-26,fintech_personal_loan
ACCT00000465,28520,TX,2025-08-26,2025-02-26,credit_card
ACCT00000466,66131,WA,2026-01-26,2025-03-26,fintech_personal_loan
ACCT00000467,86191,NC,2025-07-26,2025-05-26,fintech_personal_loan
ACCT00000468,27852,TX,2025-08-26,2025-05-26,fintech_personal_loan
ACCT00000469,102087,CA,2025-02-26,2025-01-26,credit_card
ACCT00000470,150000,TX,2025-09-26,2024-10-26,fintech_personal_loan
ACCT00000471,86853,NY,2025-12-26,,credit_card
ACCT00000472,24862,TX,2026-01-26,,credit_card
ACCT00000473,53359,NY,2025-03-26,2025-02-26,credit_card
ACCT00000474,78136,NY,2026-01-26,2025-01-26,credit_card
ACCT00000475,122701,TX,2025-02-26,2024-10-26,fintech_personal_loan
ACCT00000476,34281,TX,2025-02-26,2024-11-26,fintech_personal_loan
ACCT00000477,47547,NY,2026-02-26,2025-01-26,credit_card
ACCT00000478,53307,TX,2025-11-26,2025-08-26,bnpl
ACCT00000479,37984,NY,2025-08-26,2025-05-26,fintech_personal_loan
ACCT00000480,71071,NY,2026-02-26,2024-11-26,fintech_personal_loan
ACCT00000481,39365,TX,2026-02-26,2025-08-26,bnpl
ACCT00000482,28601,NY,2025-11-26,2025-01-26,fintech_personal_loan
ACCT00000483,55165,NC,2025-06-26,2024-12-26,fintech_personal_loan
ACCT00000484,59906,FL,2026-02-26,,bnpl
ACCT00000485,23137,NY,2025-08-26,2024-09-26,fintech_personal_loan
ACCT00000486,22112,MI,2025-09-26,2025-02-26,unknown
ACCT00000487,147917,TX,2025-05-26,2025-04-26,unknown
ACCT00000488,74907,NY,2025-08-26,,bnpl
ACCT00000489,46477,TX,2025-07-26,,fintech_personal_loan
ACCT00000490,41658,MI,2025-07-26,2024-08-26,unknown
ACCT00000491,95601,TX,2025-12-26,2024-11-26,fintech_personal_loan
ACCT00000492,58802,NY,2025-07-26,2024-10-26,bnpl
ACCT00000493,99207,NY,2026-02-26,2024-11-26,fintech_personal_loan
ACCT00000494,63870,NY,2025-03-26,2025-01-26,credit_card
ACCT00000495,145153,VA,2025-03-26,2024-10-26,bnpl
ACCT00000496,20000,NY,2025-10-26,2025-05-26,fintech_personal_loan
ACCT00000497,25279,NY,2025-11-26,2024-10-26,bnpl
ACCT00000498,26819,TX,2025-06-26,2024-08-26,unknown
ACCT00000499,69657,TX,2026-01-26,2024-10-26,fintech_personal_loan
ACCT00000500,35885,NY,2025-07-26,2025-05-26,fintech_personal_loan
ACCT00000501,59031,NC,2025-08-26,2024-08-26,bnpl
ACCT00000502,44766,NY,2025-03-26,2024-12-26,unknown
ACCT00000503,49900,TX,2026-02-26,,credit_card
ACCT00000504,145059,NY,2025-11-26,2024-09-26,credit_card
ACCT00000505,123868,NY,2026-01-26,2024-11-26,bnpl
ACCT00000506,47738,FL,2025-02-26,2024-11-26,bnpl
ACCT00000507,44382,TX,2026-01-26,2025-08-26,bnpl
ACCT00000508,100431,NY,2025-11-26,2025-01-26,credit_card
ACCT00000509,45852,NY,2025-06-26,,credit_card
ACCT00000510,56794,FL,2025-05-26,2025-01-26,credit_card
ACCT00000511,46791,NY,2025-04-26,2024-09-26,unknown
ACCT00000512,27385,TX,2025-11-26,,fintech_personal_loan
ACCT00000513,118907,TX,2025-06-26,2025-03-26,bnpl
ACCT00000514,150000,NY,,2024-09-26,bnpl
ACCT00000515,50478,NY,2025-11-26,2024-12-26,fintech_personal_loan
ACCT00000516,43343,NY,2025-08-26,2025-05-26,fintech_personal_loan
ACCT00000517,73248,NY,2026-01-26,2025-07-26,fintech_personal_loan
ACCT00000518,40048,NY,2026-02-26,,fintech_personal_loan
ACCT00000519,33841,TX,2025-06-26,2024-09-26,credit_card
ACCT00000520,139991,CA,2025-08-26,2024-09-26,bnpl
ACCT00000521,20000,TX,2025-09-26,2025-01-26,fintech_personal_loan
ACCT00000522,59161,NY,2026-01-26,2024-08-26,fintech_personal_loan
ACCT00000523,46411,PA,2026-02-26,2025-06-26,bnpl
ACCT00000524,106739,TX,2025-11-26,2024-08-26,bnpl
ACCT00000525,31718,TX,2025-07-26,2025-02-26,credit_card
ACCT00000526,22478,NY,2025-08-26,2024-12-26,fintech_personal_loan
ACCT00000527,60447,TX,2025-08-26,,credit_card
ACCT00000528,83899,TX,2025-12-26,2025-04-26,fintech_personal_loan
ACCT00000529,25601,VA,2026-01-26,,fintech_personal_loan
ACCT00000530,38584,TX,2025-03-26,,fintech_personal_loan
ACCT00000531,86934,TX,2026-01-26,,fintech_personal_loan
ACCT00000532,38747,MI,2025-11-26,2025-02-26,fintech_personal_loan
ACCT00000533,99697,NY,2025-07-26,2025-03-26,bnpl
ACCT00000534,40618,NY,2025-09-26,2024-11-26,fintech_personal_loan
ACCT00000535,150000,TX,2025-08-26,2025-05-26,fintech_personal_loan
ACCT00000536,68544,TX,2025-10-26,2025-07-26,fintech_personal_loan
ACCT00000537,39519,NY,2025-09-26,2025-07-26,fintech_personal_loan
ACCT00000538,150000,TX,2026-02-26,2025-03-26,unknown
ACCT00000539,78528,NY,2025-11-26,2025-05-26,fintech_personal_loan
ACCT00000540,92020,TX,2026-02-26,,fintech_personal_loan
ACCT00000541,33996,NY,2025-07-26,2025-05-26,fintech_personal_loan
ACCT00000542,38441,NY,2025-10-26,2025-02-26,fintech_personal_loan
ACCT00000543,83362,NY,2025-04-26,2025-03-26,credit_card
ACCT00000544,79597,FL,2025-12-26,,bnpl
ACCT00000545,150000,NY,2025-03-26,2024-12-26,fintech_personal_loan
ACCT00000546,90481,NY,2026-02-26,,credit_card
ACCT00000547,116831,WA,2025-11-26,2025-02-26,unknown
ACCT00000548,150000,TX,2025-11-26,2025-02-26,credit_card
ACCT00000549,73744,FL,2025-06-26,,fintech_personal_loan
ACCT00000550,51367,NY,2026-02-26,,fintech_personal_loan
ACCT00000551,58749,NY,2025-03-26,2024-12-26,unknown
ACCT00000552,20000,TX,2025-04-26,2025-02-26,bnpl
ACCT00000553,66411,NY,2025-05-26,2025-04-26,bnpl
ACCT00000554,58781,NY,2025-07-26,2025-01-26,credit_card
ACCT00000555,112480,NY,2025-11-26,2024-10-26,unknown
ACCT00000556,31390,TX,2025-03-26,2025-01-26,fintech_personal_loan
ACCT00000557,36571,NY,2025-07-26,2025-03-26,fintech_personal_loan
ACCT00000558,95480,VA,2025-09-26,2025-06-26,bnpl
ACCT00000559,32798,NY,2025-05-26,,credit_card
ACCT00000560,76974,TX,2025-11-26,,fintech_personal_loan
ACCT00000561,45665,NY,2025-05-26,2024-11-26,unknown
ACCT00000562,51938,NY,2025-06-26,2024-10-26,bnpl
ACCT00000563,73895,NY,2025-08-26,2025-01-26,bnpl
ACCT00000564,48876,NY,2025-04-26,2025-01-26,credit_card
ACCT00000565,36289,CA,2025-07-26,2025-03-26,fintech_personal_loan
ACCT00000566,31882,TX,2025-03-26,2025-02-26,fintech_personal_loan
ACCT00000567,87726,TX,2025-08-26,2024-11-26,credit_card
ACCT00000568,37206,TX,2025-06-26,2025-03-26,bnpl
ACCT00000569,30645,TX,2025-06-26,2025-04-26,unknown
ACCT00000570,54255,VA,2025-04-26,2024-08-26,credit_card
ACCT00000571,63207,NY,2025-04-26,2025-03-26,bnpl
ACCT00000572,38358,NC,2025-08-26,2024-09-26,bnpl
ACCT00000573,85060,TX,2025-11-26,2025-02-26,credit_card
ACCT00000574,123687,TX,2025-06-26,2025-05-26,bnpl
ACCT00000575,72348,TX,2025-02-26,2024-11-26,unknown
ACCT00000576,73315,TX,2025-04-26,2025-02-26,bnpl
ACCT00000577,84908,NY,2025-03-26,2025-02-26,fintech_personal_loan
ACCT00000578,23138,NY,2025-06-26,2024-12-26,unknown
ACCT00000579,59729,TX,2025-04-26,2025-01-26,bnpl
ACCT00000580,52547,TX,2025-08-26,2025-01-26,unknown
ACCT00000581,36956,NY,2025-05-26,2025-02-26,fintech_personal_loan
ACCT00000582,23292,TX,2025-04-26,,unknown
ACCT00000583,27690,IL,2025-09-26,,credit_card
ACCT00000584,59908,NY,2025-11-26,2025-04-26,credit_card
ACCT00000585,67783,NY,2025-06-26,2024-12-26,fintech_personal_loan
ACCT00000586,35126,TX,2025-12-26,,fintech_personal_loan
ACCT00000587,36138,NY,2025-04-26,2024-09-26,credit_card
ACCT00000588,55558,NY,2026-02-26,2024-12-26,fintech_personal_loan
ACCT00000589,150000,FL,,,fintech_personal_loan
ACCT00000590,81086,OH,2025-05-26,2024-08-26,fintech_personal_loan
ACCT00000591,64688,TX,2025-08-26,2024-09-26,fintech_personal_loan
ACCT00000592,66844,NY,2025-12-26,2025-02-26,unknown
ACCT00000593,38328,TX,2025-05-26,2025-01-26,bnpl
ACCT00000594,42116,NY,2025-12-26,2025-04-26,fintech_personal_loan
ACCT00000595,60947,WA,2025-03-26,2024-12-26,unknown
ACCT00000596,51099,TX,2025-02-26,2025-01-26,credit_card
ACCT00000597,34081,NY,2025-04-26,2024-08-26,fintech_personal_loan
ACCT00000598,20000,NY,2026-02-26,,bnpl
ACCT00000599,33353,TX,2025-09-26,2025-07-26,credit_card
ACCT00000600,56677,NY,2025-07-26,2025-02-26,fintech_personal_loan
ACCT00000601,29163,NY,2025-02-26,2024-11-26,fintech_personal_loan
ACCT00000602,71208,NY,2025-05-26,2025-04-26,fintech_personal_loan
ACCT00000603,20000,TX,2026-01-26,2025-01-26,credit_card
ACCT00000604,66432,TX,2025-04-26,2025-03-26,fintech_personal_loan
ACCT00000605,84398,NY,2025-10-26,2025-01-26,unknown
ACCT00000606,20000,FL,2025-03-26,2024-12-26,fintech_personal_loan
ACCT00000607,45916,TX,2026-02-26,2024-10-26,fintech_personal_loan
ACCT00000608,80022,TX,2025-08-26,2024-09-26,bnpl
ACCT00000609,40046,NY,2026-02-26,2024-12-26,fintech_personal_loan
ACCT00000610,66147,TX,2025-04-26,2024-11-26,bnpl
ACCT00000611,63548,NY,2025-10-26,2024-09-26,fintech_personal_loan
ACCT00000612,84294,FL,2025-09-26,2025-06-26,fintech_personal_loan
ACCT00000613,75780,TX,2025-03-26,2025-02-26,fintech_personal_loan
ACCT00000614,77129,WA,2025-09-26,2024-12-26,credit_card
ACCT00000615,98374,NY,2025-04-26,2024-10-26,bnpl
ACCT00000616,57210,TX,2025-12-26,2025-06-26,credit_card
ACCT00000617,36331,NY,2025-12-26,2025-08-26,credit_card
ACCT00000618,150000,NY,,2024-12-26,unknown
ACCT00000619,88377,NY,2025-10-26,2024-11-26,fintech_personal_loan
ACCT00000620,150000,NY,2025-02-26,2024-12-26,fintech_personal_loan
ACCT00000621,93683,NY,2025-12-26,2025-05-26,credit_card
ACCT00000622,98003,FL,2025-12-26,2024-10-26,unknown
ACCT00000623,38166,NY,2026-02-26,2024-08-26,fintech_personal_loan
ACCT00000624,80220,TX,2026-01-26,2024-09-26,fintech_personal_loan
ACCT00000625,31641,NY,2026-02-26,2025-05-26,credit_card
ACCT00000626,20000,TX,2025-03-26,2024-08-26,bnpl
ACCT00000627,25173,OH,2025-11-26,2024-12-26,unknown
ACCT00000628,61129,NY,2026-02-26,2025-07-26,credit_card
ACCT00000629,59583,MI,2025-09-26,2024-09-26,fintech_personal_loan
ACCT00000630,150000,TX,2025-02-26,2025-01-26,credit_card
ACCT00000631,68026,NY,2025-03-26,2025-01-26,unknown
ACCT00000632,150000,TX,2025-06-26,,unknown
ACCT00000633,150000,NY,2025-12-26,2024-12-26,credit_card
ACCT00000634,63612,NY,2025-03-26,2024-10-26,fintech_personal_loan
ACCT00000635,107844,NY,2025-08-26,,fintech_personal_loan
ACCT00000636,124153,CA,2025-10-26,2024-12-26,fintech_personal_loan
ACCT00000637,47045,TX,2025-08-26,2025-07-26,fintech_personal_loan
ACCT00000638,66528,TX,,2025-01-26,bnpl
ACCT00000639,33280,TX,2026-02-26,2024-12-26,unknown
ACCT00000640,73191,NY,2025-06-26,2025-03-26,fintech_personal_loan
ACCT00000641,105989,NC,2025-07-26,2025-06-26,bnpl
ACCT00000642,48357,NY,2026-01-26,2025-06-26,bnpl
ACCT00000643,22423,OH,2025-04-26,2025-03-26,fintech_personal_loan
ACCT00000644,110760,NY,2025-06-26,2025-05-26,bnpl
ACCT00000645,28622,NY,2025-11-26,2025-05-26,credit_card
ACCT00000646,76178,VA,2025-11-26,2024-11-26,fintech_personal_loan
ACCT00000647,119985,NY,2025-11-26,2024-09-26,credit_card
ACCT00000648,150000,TX,2026-02-26,2024-11-26,unknown
ACCT00000649,150000,FL,2026-01-26,2024-12-26,credit_card
ACCT00000650,26782,NY,2025-05-26,2025-03-26,credit_card
ACCT00000651,139592,TX,2026-02-26,2025-07-26,fintech_personal_loan
ACCT00000652,109030,NY,2025-03-26,2024-12-26,credit_card
ACCT00000653,39980,CA,2025-04-26,,fintech_personal_loan
ACCT00000654,150000,TX,2026-01-26,2025-05-26,fintech_personal_loan
ACCT00000655,45400,TX,2025-08-26,,fintech_personal_loan
ACCT00000656,21777,OH,2025-06-26,,fintech_personal_loan
ACCT00000657,73789,NY,2025-11-26,2025-06-26,fintech_personal_loan
ACCT00000658,27926,NY,2025-07-26,2024-08-26,fintech_personal_loan
ACCT00000659,37193,NY,2025-08-26,2025-07-26,fintech_personal_loan
ACCT00000660,58467,NY,2025-02-26,,bnpl
ACCT00000661,58214,TX,2025-04-26,2024-10-26,credit_card
ACCT00000662,123693,TX,2026-01-26,2024-10-26,fintech_personal_loan
ACCT00000663,72892,TX,2025-05-26,2024-11-26,fintech_personal_loan
ACCT00000664,51875,TX,2025-09-26,2025-02-26,credit_card
ACCT00000665,44750,TX,2026-02-26,2024-11-26,unknown
ACCT00000666,71827,TX,2025-12-26,,unknown
ACCT00000667,143560,TX,2025-05-26,2024-12-26,fintech_personal_loan
ACCT00000668,53078,TX,2025-12-26,2025-06-26,fintech_personal_loan
ACCT00000669,20000,NY,2025-09-26,2025-07-26,fintech_personal_loan
ACCT00000670,64297,NY,2026-01-26,2025-05-26,credit_card
ACCT00000671,56366,IL,2026-01-26,2025-01-26,fintech_personal_loan
ACCT00000672,47923,WA,2025-06-26,2024-11-26,bnpl
ACCT00000673,58586,TX,2025-07-26,2025-03-26,fintech_personal_loan
ACCT00000674,88283,IL,2025-06-26,2024-12-26,credit_card
ACCT00000675,110905,NY,2025-07-26,2025-02-26,credit_card
ACCT00000676,90383,TX,2025-12-26,2024-08-26,fintech_personal_loan
ACCT00000677,93947,IL,2025-04-26,2024-12-26,unknown
ACCT00000678,23182,TX,2025-12-26,2025-06-26,fintech_personal_loan
ACCT00000679,78893,NY,,2024-12-26,fintech_personal_loan
ACCT00000680,61316,TX,2025-03-26,2025-02-26,credit_card
ACCT00000681,140977,NY,2025-11-26,2025-03-26,bnpl
ACCT00000682,65110,TX,2026-01-26,2024-11-26,bnpl
ACCT00000683,104964,TX,2026-02-26,2024-09-26,fintech_personal_loan
ACCT00000684,105159,NY,2025-03-26,2024-12-26,fintech_personal_loan
ACCT00000685,115779,TX,2025-05-26,2025-01-26,credit_card
ACCT00000686,26756,NY,2026-02-26,2024-10-26,bnpl
ACCT00000687,69251,TX,2025-09-26,,fintech_personal_loan
ACCT00000688,77150,TX,2025-08-26,2025-04-26,bnpl
ACCT00000689,62913,NY,2025-12-26,,fintech_personal_loan
ACCT00000690,60227,TX,2025-06-26,2025-05-26,fintech_personal_loan
ACCT00000691,79068,TX,2025-04-26,2024-10-26,bnpl
ACCT00000692,106556,NY,2025-10-26,2025-07-26,bnpl
ACCT00000693,100891,NY,2026-02-26,2025-04-26,bnpl
ACCT00000694,47809,NY,2025-05-26,2024-08-26,fintech_personal_loan
ACCT00000695,27883,TX,2025-05-26,2025-03-26,credit_card
ACCT00000696,64099,NY,2025-06-26,2025-04-26,unknown
ACCT00000697,48247,NY,2026-01-26,2024-12-26,fintech_personal_loan
ACCT00000698,124490,NY,2025-08-26,2025-06-26,bnpl
ACCT00000699,76862,NY,2025-05-26,2025-04-26,unknown
ACCT00000700,35384,TX,2025-04-26,2024-08-26,credit_card
ACCT00000701,25442,TX,2025-06-26,,fintech_personal_loan
ACCT00000702,68680,NY,2026-01-26,2025-01-26,fintech_personal_loan
ACCT00000703,53957,NY,2025-06-26,,credit_card
ACCT00000704,62126,TX,2025-02-26,2024-11-26,credit_card
ACCT00000705,41012,GA,2025-08-26,,fintech_personal_loan
ACCT00000706,71901,CA,2026-02-26,,bnpl
ACCT00000707,21515,NY,2026-02-26,2024-10-26,credit_card
ACCT00000708,93607,GA,2025-02-26,2025-01-26,bnpl
ACCT00000709,29887,VA,2025-02-26,2024-11-26,credit_card
ACCT00000710,34841,NY,2026-02-26,2025-02-26,fintech_personal_loan
ACCT00000711,46677,TX,2025-11-26,2025-06-26,credit_card
ACCT00000712,44400,TX,2025-07-26,2025-05-26,credit_card
ACCT00000713,62170,NY,2026-01-26,2024-12-26,fintech_personal_loan
ACCT00000714,55752,IL,2025-02-26,2024-09-26,credit_card
ACCT00000715,117821,PA,2025-03-26,2025-02-26,credit_card
ACCT00000716,39825,NY,2025-02-26,2024-12-26,unknown
ACCT00000717,75297,NY,2026-01-26,2024-08-26,bnpl
ACCT00000718,41431,NY,2025-02-26,2024-11-26,fintech_personal_loan
ACCT00000719,57393,TX,2025-11-26,2025-01-26,fintech_personal_loan
ACCT00000720,67110,NY,,2025-02-26,credit_card
ACCT00000721,20000,NY,2025-12-26,2025-07-26,unknown
ACCT00000722,105035,TX,2025-07-26,2024-12-26,fintech_personal_loan
ACCT00000723,40376,NY,2025-08-26,,fintech_personal_loan
ACCT00000724,107638,TX,2025-03-26,2025-02-26,fintech_personal_loan
ACCT00000725,42620,TX,2025-08-26,2025-04-26,fintech_personal_loan
ACCT00000726,64176,TX,2025-10-26,2025-08-26,bnpl
ACCT00000727,67058,NY,2026-01-26,2025-03-26,credit_card
ACCT00000728,22627,IL,2026-02-26,2025-01-26,credit_card
ACCT00000729,35546,NY,2025-10-26,2024-09-26,fintech_personal_loan
ACCT00000730,24228,NY,2025-04-26,2025-02-26,credit_card
ACCT00000731,63434,NY,2025-03-26,,fintech_personal_loan
ACCT00000732,57296,NY,2026-02-26,2025-06-26,bnpl
ACCT00000733,20000,NY,2025-04-26,,bnpl
ACCT00000734,57308,NY,2025-10-26,2025-04-26,credit_card
ACCT00000735,20000,NY,2026-01-26,2025-08-26,fintech_personal_loan
ACCT00000736,150000,TX,2025-09-26,2025-02-26,credit_card
ACCT00000737,43887,TX,2025-10-26,2025-05-26,fintech_personal_loan
ACCT00000738,121829,FL,2025-04-26,2025-03-26,fintech_personal_loan
ACCT00000739,53927,MI,2025-08-26,2024-08-26,fintech_personal_loan
ACCT00000740,74269,TX,2025-06-26,2024-09-26,credit_card
ACCT00000741,53688,NY,2025-09-26,2024-09-26,fintech_personal_loan
ACCT00000742,60248,NC,2025-02-26,2024-10-26,fintech_personal_loan
ACCT00000743,39304,NY,2025-09-26,2025-02-26,bnpl
ACCT00000744,31365,TX,2025-07-26,2024-08-26,unknown
ACCT00000745,150000,TX,2025-11-26,,fintech_personal_loan
ACCT00000746,20000,TX,2025-11-26,2025-02-26,credit_card
ACCT00000747,50421,NY,2025-09-26,2025-01-26,unknown
ACCT00000748,150000,TX,,2024-12-26,fintech_personal_loan
ACCT00000749,43465,TX,2025-04-26,2025-01-26,unknown
ACCT00000750,68697,GA,2025-10-26,2025-02-26,bnpl
ACCT00000751,73116,MI,2025-02-26,2024-12-26,unknown
ACCT00000752,150000,NC,2025-11-26,2025-06-26,fintech_personal_loan
ACCT00000753,82000,NY,2025-07-26,,fintech_personal_loan
ACCT00000754,45337,TX,2025-08-26,2024-09-26,bnpl
ACCT00000755,39666,NY,2025-10-26,2025-04-26,fintech_personal_loan
ACCT00000756,75360,NY,2025-03-26,2025-01-26,fintech_personal_loan
ACCT00000757,115871,NC,2025-02-26,2024-08-26,credit_card
ACCT00000758,128039,TX,2025-09-26,2025-03-26,bnpl
ACCT00000759,58160,NY,2026-02-26,2024-10-26,fintech_personal_loan
ACCT00000760,127209,TX,2025-04-26,,credit_card
ACCT00000761,22469,GA,2026-01-26,2025-05-26,bnpl
ACCT00000762,53143,MI,2026-02-26,,credit_card
ACCT00000763,41363,NY,2025-07-26,2025-05-26,fintech_personal_loan
ACCT00000764,49664,TX,2025-06-26,2025-03-26,bnpl
ACCT00000765,28244,MI,2025-07-26,2025-01-26,unknown
ACCT00000766,43886,TX,2025-08-26,2025-05-26,bnpl
ACCT00000767,27843,NY,2025-08-26,2025-04-26,unknown
ACCT00000768,62357,TX,2026-02-26,2024-08-26,bnpl
ACCT00000769,101645,TX,2025-08-26,2025-06-26,credit_card
ACCT00000770,54870,NY,2025-03-26,2025-01-26,fintech_personal_loan
ACCT00000771,147927,GA,2025-08-26,2025-03-26,credit_card
ACCT00000772,116236,TX,2025-07-26,,fintech_personal_loan
ACCT00000773,47206,TX,2025-05-26,,fintech_personal_loan
ACCT00000774,46297,NY,2025-04-26,2025-01-26,bnpl
ACCT00000775,84091,TX,2025-08-26,2025-02-26,credit_card
ACCT00000776,52830,TX,2025-12-26,2024-11-26,credit_card
ACCT00000777,81389,TX,2025-09-26,2025-03-26,bnpl
ACCT00000778,43157,IL,2025-02-26,2024-08-26,fintech_personal_loan
ACCT00000779,54774,NY,2025-02-26,2024-12-26,unknown
ACCT00000780,124513,TX,2025-12-26,2025-02-26,fintech_personal_loan
ACCT00000781,59239,WA,2025-07-26,,credit_card
ACCT00000782,72800,NY,2025-11-26,2024-12-26,fintech_personal_loan
ACCT00000783,67063,NY,2025-11-26,,bnpl
ACCT00000784,70626,NY,2025-05-26,2024-10-26,fintech_personal_loan
ACCT00000785,32524,NY,2025-03-26,2025-02-26,unknown
ACCT00000786,37273,NY,2025-04-26,2024-11-26,bnpl
ACCT00000787,150000,FL,2025-10-26,2024-12-26,fintech_personal_loan
ACCT00000788,91609,NY,2026-02-26,2025-01-26,credit_card
ACCT00000789,144705,NY,2026-01-26,2024-09-26,credit_card
ACCT00000790,150000,NY,2026-02-26,2025-06-26,fintech_personal_loan
ACCT00000791,55363,TX,2025-02-26,2024-12-26,credit_card
ACCT00000792,84730,NY,2026-01-26,2024-11-26,fintech_personal_loan
ACCT00000793,33826,NY,2025-08-26,,fintech_personal_loan
ACCT00000794,55789,IL,2025-06-26,,unknown
ACCT00000795,108734,NY,2025-06-26,2024-10-26,credit_card
ACCT00000796,125754,TX,2026-01-26,2025-02-26,credit_card
ACCT00000797,87735,NY,2025-09-26,2024-08-26,fintech_personal_loan
ACCT00000798,56384,NY,2025-11-26,2024-11-26,bnpl
ACCT00000799,94395,TX,2026-01-26,2024-10-26,fintech_personal_loan
ACCT00000800,39097,TX,2025-06-26,2025-05-26,unknown
ACCT00000801,34234,NY,2025-03-26,,credit_card
ACCT00000802,63061,TX,2025-05-26,2025-04-26,unknown
ACCT00000803,28931,TX,2025-06-26,2024-10-26,bnpl
ACCT00000804,150000,NY,2026-01-26,2025-02-26,fintech_personal_loan
ACCT00000805,136009,TX,2025-06-26,2025-03-26,fintech_personal_loan
ACCT00000806,54890,TX,2025-04-26,2024-11-26,credit_card
ACCT00000807,23624,NY,2025-03-26,2024-12-26,credit_card
ACCT00000808,49112,TX,2026-02-26,2024-08-26,fintech_personal_loan
ACCT00000809,104200,NY,2025-08-26,2025-07-26,fintech_personal_loan
ACCT00000810,24546,TX,2025-07-26,2025-06-26,fintech_personal_loan
ACCT00000811,28735,GA,,,fintech_personal_loan
ACCT00000812,74600,NC,2025-03-26,2024-10-26,fintech_personal_loan
ACCT00000813,48492,TX,2025-07-26,2025-01-26,bnpl
ACCT00000814,60315,NY,2025-03-26,,bnpl
ACCT00000815,37536,TX,2025-05-26,,fintech_personal_loan
ACCT00000816,53631,TX,2025-04-26,2025-02-26,fintech_personal_loan
ACCT00000817,53040,TX,2025-02-26,2024-10-26,bnpl
ACCT00000818,65369,PA,2025-11-26,2024-10-26,bnpl
ACCT00000819,55253,NY,2025-12-26,2024-09-26,unknown
ACCT00000820,20000,OH,2025-12-26,2025-02-26,fintech_personal_loan
ACCT00000821,70509,FL,2025-11-26,2025-07-26,credit_card
ACCT00000822,72903,NY,2026-01-26,,credit_card
ACCT00000823,150000,OH,2025-03-26,,bnpl
ACCT00000824,20000,TX,2025-07-26,2025-04-26,credit_card
ACCT00000825,86900,NY,2025-07-26,2024-09-26,fintech_personal_loan
ACCT00000826,32352,TX,2025-11-26,2025-04-26,credit_card
ACCT00000827,67412,PA,2025-08-26,2024-09-26,fintech_personal_loan
ACCT00000828,56450,NC,2025-06-26,2024-11-26,fintech_personal_loan
ACCT00000829,55170,NY,2025-07-26,2025-02-26,fintech_personal_loan
ACCT00000830,59573,NY,2025-10-26,2025-03-26,unknown
ACCT00000831,61118,TX,2025-11-26,2025-03-26,fintech_personal_loan
ACCT00000832,21891,NY,2025-09-26,2024-11-26,fintech_personal_loan
ACCT00000833,88698,CA,2026-02-26,,credit_card
ACCT00000834,101324,NY,2025-05-26,2025-04-26,bnpl
ACCT00000835,49057,NY,2025-10-26,2024-10-26,fintech_personal_loan
ACCT00000836,53090,NY,2025-11-26,2025-04-26,bnpl
ACCT00000837,80306,TX,2025-11-26,2025-06-26,fintech_personal_loan
ACCT00000838,41659,NY,2025-12-26,2025-08-26,bnpl
ACCT00000839,60314,NY,2025-05-26,2025-04-26,fintech_personal_loan
ACCT00000840,86274,NY,2025-12-26,2024-10-26,fintech_personal_loan
ACCT00000841,51220,NY,2025-07-26,,bnpl
ACCT00000842,34369,TX,2025-07-26,,fintech_personal_loan
ACCT00000843,58690,CA,2025-05-26,2025-01-26,unknown
ACCT00000844,94025,NY,2025-06-26,2025-04-26,unknown
ACCT00000845,41148,TX,2025-07-26,2025-06-26,fintech_personal_loan
ACCT00000846,30327,NY,2025-12-26,2025-02-26,fintech_personal_loan
ACCT00000847,45672,NY,2026-02-26,2025-07-26,fintech_personal_loan
ACCT00000848,82146,NY,2026-02-26,,credit_card
ACCT00000849,65678,TX,2025-07-26,2025-06-26,credit_card
ACCT00000850,30748,TX,2025-04-26,2025-02-26,fintech_personal_loan
ACCT00000851,40340,NY,2026-01-26,2025-02-26,unknown
ACCT00000852,83354,MI,2026-01-26,2025-06-26,fintech_personal_loan
ACCT00000853,76698,NY,2025-08-26,,unknown
ACCT00000854,147180,TX,2026-01-26,2024-08-26,fintech_personal_loan
ACCT00000855,56743,CA,2025-05-26,2025-03-26,fintech_personal_loan
ACCT00000856,59073,NY,2025-05-26,2024-12-26,fintech_personal_loan
ACCT00000857,84420,NY,2025-02-26,2024-08-26,bnpl
ACCT00000858,59299,NC,2025-05-26,,fintech_personal_loan
ACCT00000859,58881,TX,2026-02-26,2024-11-26,fintech_personal_loan
ACCT00000860,42059,TX,2025-04-26,2025-02-26,fintech_personal_loan
ACCT00000861,64869,TX,2026-01-26,2025-08-26,credit_card
ACCT00000862,73204,NC,2025-10-26,2025-03-26,fintech_personal_loan
ACCT00000863,50135,NY,2025-06-26,2024-09-26,fintech_personal_loan
ACCT00000864,23960,PA,2025-04-26,2024-10-26,credit_card
ACCT00000865,49092,NY,2025-06-26,,fintech_personal_loan
ACCT00000866,50063,NY,2025-06-26,2024-10-26,credit_card
ACCT00000867,56689,NY,2025-05-26,2024-11-26,fintech_personal_loan
ACCT00000868,150000,TX,2026-02-26,2025-04-26,fintech_personal_loan
ACCT00000869,59397,TX,2025-04-26,2025-03-26,credit_card
ACCT00000870,37051,IL,2025-07-26,2024-12-26,fintech_personal_loan
ACCT00000871,133239,NY,2025-11-26,2024-12-26,credit_card
ACCT00000872,136786,NY,2025-07-26,2025-05-26,bnpl
ACCT00000873,56578,PA,2025-04-26,2025-01-26,bnpl
ACCT00000874,30570,FL,2025-04-26,2025-03-26,unknown
ACCT00000875,57140,NY,2026-01-26,2024-12-26,credit_card
ACCT00000876,30415,TX,2025-11-26,2025-01-26,fintech_personal_loan
ACCT00000877,71008,TX,2025-08-26,2025-04-26,bnpl
ACCT00000878,24752,NY,2025-11-26,2024-11-26,unknown
ACCT00000879,75676,FL,2025-10-26,2024-09-26,bnpl
ACCT00000880,111146,TX,2026-01-26,2025-08-26,fintech_personal_loan
ACCT00000881,27955,NY,2025-11-26,2025-02-26,fintech_personal_loan
ACCT00000882,42500,NY,2025-10-26,,credit_card
ACCT00000883,146438,PA,2025-09-26,2024-12-26,unknown
ACCT00000884,42520,TX,2025-06-26,,fintech_personal_loan
ACCT00000885,70933,NY,2025-04-26,2024-08-26,credit_card
ACCT00000886,58287,TX,2025-04-26,2025-03-26,fintech_personal_loan
ACCT00000887,86122,TX,2025-03-26,2024-12-26,bnpl
ACCT00000888,150000,NY,2025-12-26,2024-10-26,credit_card
ACCT00000889,31993,TX,2025-04-26,2024-11-26,fintech_personal_loan
ACCT00000890,45190,IL,2025-09-26,2025-07-26,bnpl
ACCT00000891,64748,NY,2025-08-26,,fintech_personal_loan
ACCT00000892,150000,NY,2025-04-26,2024-08-26,fintech_personal_loan
ACCT00000893,64911,NY,2026-02-26,2024-08-26,unknown
ACCT00000894,27791,TX,2025-12-26,2025-08-26,fintech_personal_loan
ACCT00000895,52245,NY,2025-09-26,2025-06-26,bnpl
ACCT00000896,99484,NY,2025-08-26,2024-11-26,bnpl
ACCT00000897,57202,NY,2025-02-26,2025-01-26,credit_card
ACCT00000898,150000,NY,2025-03-26,2025-02-26,bnpl
ACCT00000899,32966,NY,2025-02-26,,fintech_personal_loan
ACCT00000900,86642,NY,2025-11-26,2025-08-26,fintech_personal_loan
ACCT00000901,37665,NY,2025-07-26,2025-05-26,credit_card
ACCT00000902,48616,NY,2025-09-26,,credit_card
ACCT00000903,97496,TX,2025-10-26,2024-10-26,unknown
ACCT00000904,75496,NY,2026-01-26,2024-09-26,credit_card
ACCT00000905,150000,CA,2025-12-26,2025-03-26,bnpl
ACCT00000906,70444,TX,2025-09-26,2024-12-26,fintech_personal_loan
ACCT00000907,20000,NY,2025-12-26,2025-06-26,unknown
ACCT00000908,40747,TX,2025-03-26,,unknown
ACCT00000909,32975,TX,2026-02-26,2024-10-26,fintech_personal_loan
ACCT00000910,75874,TX,2025-11-26,,fintech_personal_loan
ACCT00000911,100105,NY,2025-10-26,2024-12-26,bnpl
ACCT00000912,66808,NY,2026-02-26,2025-03-26,fintech_personal_loan
ACCT00000913,79127,NY,2026-01-26,2025-02-26,credit_card
ACCT00000914,75601,NY,,2024-10-26,fintech_personal_loan
ACCT00000915,48022,TX,2025-05-26,2025-02-26,credit_card
ACCT00000916,71379,TX,2025-06-26,2025-03-26,bnpl
ACCT00000917,20000,WA,2026-02-26,,credit_card
ACCT00000918,60074,NY,2025-06-26,2024-10-26,fintech_personal_loan
ACCT00000919,59022,TX,2025-11-26,2024-12-26,fintech_personal_loan
ACCT00000920,35744,NC,2025-10-26,2025-02-26,bnpl
ACCT00000921,40620,NY,2025-05-26,2024-10-26,unknown
ACCT00000922,20000,NY,2025-03-26,2024-12-26,credit_card
ACCT00000923,72797,CA,2025-02-26,2024-12-26,fintech_personal_loan
ACCT00000924,68150,NY,2025-06-26,2024-09-26,credit_card
ACCT00000925,42308,TX,2025-04-26,2025-02-26,fintech_personal_loan
ACCT00000926,82794,NY,2025-10-26,2025-02-26,unknown
ACCT00000927,51283,GA,2025-05-26,2024-10-26,fintech_personal_loan
ACCT00000928,44974,NY,2025-02-26,2024-08-26,fintech_personal_loan
ACCT00000929,64628,TX,2026-01-26,2024-12-26,credit_card
ACCT00000930,32876,TX,2025-10-26,2025-08-26,fintech_personal_loan
ACCT00000931,60657,NY,2025-11-26,2024-12-26,bnpl
ACCT00000932,35570,NY,2025-09-26,2024-09-26,fintech_personal_loan
ACCT00000933,127132,TX,2025-04-26,2025-03-26,fintech_personal_loan
ACCT00000934,107203,TX,2025-08-26,2025-07-26,credit_card
ACCT00000935,73982,NY,2025-11-26,2024-09-26,bnpl
ACCT00000936,99421,CA,2025-07-26,2025-06-26,fintech_personal_loan
ACCT00000937,32131,NY,2025-05-26,2025-03-26,bnpl
ACCT00000938,28755,TX,2025-10-26,2024-12-26,fintech_personal_loan
ACCT00000939,117068,NY,2025-05-26,,unknown
ACCT00000940,64151,VA,2025-11-26,,fintech_personal_loan
ACCT00000941,59905,TX,2025-04-26,,fintech_personal_loan
ACCT00000942,61201,NY,2025-04-26,2025-01-26,fintech_personal_loan
ACCT00000943,52100,NY,,,credit_card
ACCT00000944,150000,NY,2025-05-26,2024-08-26,fintech_personal_loan
ACCT00000945,150000,OH,2026-01-26,2024-10-26,unknown
ACCT00000946,35621,NY,2025-10-26,2025-07-26,fintech_personal_loan
ACCT00000947,110482,NY,2025-06-26,2025-04-26,fintech_personal_loan
ACCT00000948,44119,TX,2025-03-26,2024-10-26,fintech_personal_loan
ACCT00000949,49929,NY,2025-04-26,2024-10-26,fintech_personal_loan
ACCT00000950,36573,TX,2025-09-26,2024-11-26,fintech_personal_loan
ACCT00000951,53124,NY,2026-01-26,2025-02-26,credit_card
ACCT00000952,63483,FL,2025-03-26,2024-12-26,unknown
ACCT00000953,61573,TX,2025-12-26,2025-05-26,fintech_personal_loan
ACCT00000954,49408,TX,,2025-03-26,fintech_personal_loan
ACCT00000955,57505,TX,2025-07-26,2024-08-26,unknown
ACCT00000956,27861,NY,2025-04-26,2025-01-26,credit_card
ACCT00000957,20948,GA,2025-11-26,2025-04-26,fintech_personal_loan
ACCT00000958,74293,NY,2025-10-26,2025-05-26,fintech_personal_loan
ACCT00000959,47498,NY,2025-04-26,2024-09-26,fintech_personal_loan
ACCT00000960,32970,TX,2025-02-26,2024-11-26,credit_card
ACCT00000961,38086,NY,2025-08-26,2025-06-26,credit_card
ACCT00000962,74896,TX,2025-10-26,,fintech_personal_loan
ACCT00000963,52088,NY,2025-12-26,2024-11-26,fintech_personal_loan
ACCT00000964,68849,NY,2025-11-26,2024-11-26,fintech_personal_loan
ACCT00000965,38671,TX,2025-12-26,2025-07-26,fintech_personal_loan
ACCT00000966,73255,TX,2025-02-26,2024-11-26,fintech_personal_loan
ACCT00000967,62554,TX,2025-06-26,2025-04-26,bnpl
ACCT00000968,54643,TX,2025-07-26,2025-02-26,credit_card
ACCT00000969,34423,TX,2025-11-26,2024-11-26,fintech_personal_loan
ACCT00000970,35654,GA,2026-01-26,2024-09-26,fintech_personal_loan
ACCT00000971,99789,TX,2026-02-26,2025-05-26,credit_card
ACCT00000972,28067,VA,2026-01-26,2025-02-26,fintech_personal_loan
ACCT00000973,20000,TX,2025-12-26,2025-03-26,unknown
ACCT00000974,66988,TX,2025-03-26,2025-02-26,fintech_personal_loan
ACCT00000975,93827,NY,2026-01-26,2024-10-26,credit_card
ACCT00000976,27110,NY,2025-05-26,2025-04-26,fintech_personal_loan
ACCT00000977,31572,NY,2025-04-26,2025-02-26,fintech_personal_loan
ACCT00000978,42185,VA,2025-03-26,2025-02-26,fintech_personal_loan
ACCT00000979,22439,NY,2025-02-26,2024-11-26,fintech_personal_loan
ACCT00000980,88814,NY,2025-08-26,2024-10-26,bnpl
ACCT00000981,36294,NY,2025-08-26,2024-10-26,fintech_personal_loan
ACCT00000982,84350,NY,2025-06-26,,fintech_personal_loan
ACCT00000983,51783,CA,2025-02-26,,credit_card
ACCT00000984,60220,TX,2025-08-26,2025-02-26,bnpl
ACCT00000985,23538,NY,2026-02-26,,credit_card
ACCT00000986,59312,TX,2025-12-26,2025-08-26,credit_card
ACCT00000987,47165,NY,2025-12-26,2025-05-26,credit_card
ACCT00000988,123455,TX,2026-02-26,,fintech_personal_loan
ACCT00000989,68612,TX,2025-04-26,,fintech_personal_loan
ACCT00000990,41492,NY,2025-08-26,2024-12-26,fintech_personal_loan
ACCT00000991,117584,NY,2026-01-26,2025-02-26,fintech_personal_loan
ACCT00000992,50675,VA,2025-07-26,2024-10-26,fintech_personal_loan
ACCT00000993,31633,NY,2025-10-26,2025-02-26,unknown
ACCT00000994,24287,NY,2025-10-26,2025-02-26,bnpl
ACCT00000995,150000,NC,2025-10-26,2025-01-26,credit_card
ACCT00000996,64157,NY,2025-09-26,2025-01-26,fintech_personal_loan
ACCT00000997,63393,TX,2026-02-26,2025-06-26,bnpl
ACCT00000998,60647,MI,2025-11-26,2024-10-26,bnpl
ACCT00000999,76923,PA,2025-05-26,2025-03-26,bnpl